{
  "output/simulation/brouwer_s48975_p1/state_files/state_brouwer_s48975_p1.h5": {
    "settings": {
      "data_name": "brouwer_s48975_p1",
      "model": "nn-2-layer",
      "query_strategy": "max",
      "balance_strategy": "double",
      "feature_extraction": "doc2vec",
      "n_instances": 1,
      "n_queries": "min",
      "n_prior_included": 1,
      "n_prior_excluded": 1,
      "mode": "simulate",
      "model_param": {
        "dense_width": 128,
        "optimizer": "rmsprop",
        "learn_rate": 1.0,
        "regularization": 0.01,
        "verbose": 0,
        "epochs": 35,
        "batch_size": 32,
        "shuffle": false,
        "class_weight": 30.0
      },
      "query_param": {},
      "feature_param": {
        "vector_size": 40,
        "epochs": 33,
        "min_count": 1,
        "n_jobs": 1,
        "window": 7,
        "dm_concat": 0,
        "dm": 2,
        "dbow_words": 0,
        "split_ta": 0,
        "use_keywords": 0
      },
      "balance_param": {
        "a": 2.155,
        "alpha": 0.94,
        "b": 0.789,
        "beta": 1.0
      }
    },
    "wss": {
      "95": 85.65062469142,
      "100": 86.96273608984175
    },
    "rrf": {
      "5": 88.52459016393443,
      "10": 98.36065573770492
    },
    "loss": 0.02018762905438719,
    "time_to_discovery": {
      "56": 50.0,
      "34": 51.0,
      "3": 76.0,
      "40": 77.0,
      "48": 122.0,
      "45": 123.0,
      "54": 135.0,
      "22": 141.0,
      "20": 145.0,
      "33": 195.0,
      "24": 211.0,
      "29": 224.0,
      "61": 233.0,
      "32": 306.0,
      "62": 330.0,
      "2": 331.0,
      "50": 340.0,
      "38": 392.0,
      "46": 401.0,
      "52": 430.0,
      "35": 436.0,
      "60": 449.0,
      "44": 450.0,
      "49": 457.0,
      "25": 459.0,
      "37": 465.0,
      "23": 469.0,
      "14": 476.0,
      "36": 477.0,
      "30": 486.0,
      "17": 490.0,
      "58": 500.0,
      "59": 503.0,
      "55": 534.0,
      "6": 558.0,
      "13": 575.0,
      "53": 577.0,
      "43": 606.0,
      "9": 627.0,
      "7": 633.0,
      "21": 651.0,
      "12": 676.0,
      "11": 684.0,
      "27": 785.0,
      "42": 794.0,
      "51": 811.0,
      "18": 832.0,
      "41": 935.0,
      "10": 999.0,
      "8": 1071.0,
      "19": 1482.0,
      "16": 1498.0,
      "26": 1744.0,
      "28": 2110.0,
      "57": 2818.0,
      "47": 3214.0,
      "39": 4162.0,
      "4": 4619.0,
      "31": 4624.0,
      "5": 4877.0,
      "15": 6386.5
    },
    "general": {
      "n_queries": [
        6386
      ],
      "n_states": 1,
      "n_papers": 48977,
      "n_included": 62,
      "n_excluded": 48915,
      "n_unlabeled": 0
    }
  }
}