{
  "output/simulation/software_s6400_p1/state_files/state_software_s6400_p1.h5": {
    "settings": {
      "data_name": "software_s6400_p1",
      "model": "nn-2-layer",
      "query_strategy": "max",
      "balance_strategy": "double",
      "feature_extraction": "doc2vec",
      "n_instances": 1,
      "n_prior_included": 1,
      "n_prior_excluded": 1,
      "mode": "simulate",
      "model_param": {
        "dense_width": 128,
        "optimizer": "rmsprop",
        "learn_rate": 1.0,
        "regularization": 0.01,
        "verbose": 0,
        "epochs": 35,
        "batch_size": 32,
        "shuffle": false,
        "class_weight": 30.0
      },
      "query_param": {},
      "feature_param": {
        "vector_size": 40,
        "epochs": 33,
        "min_count": 1,
        "n_jobs": 1,
        "window": 7,
        "dm_concat": 0,
        "dm": 2,
        "dbow_words": 0,
        "split_ta": 0,
        "use_keywords": 0
      },
      "balance_param": {
        "a": 2.155,
        "alpha": 0.94,
        "b": 0.789,
        "beta": 1.0
      }
    },
    "wss": {
      "95": 90.9375,
      "100": 55.671875
    },
    "rrf": {
      "5": 94.66666666666667,
      "10": 97.33333333333333
    },
    "loss": 0.02522545038008955,
    "time_to_discovery": {
      "69": 1.0,
      "19": 5.0,
      "9": 13.0,
      "43": 15.0,
      "56": 17.0,
      "46": 18.0,
      "36": 20.0,
      "4": 21.0,
      "45": 26.0,
      "47": 29.0,
      "64": 30.0,
      "8": 38.0,
      "40": 39.0,
      "27": 41.0,
      "26": 42.0,
      "60": 45.0,
      "6": 47.0,
      "50": 48.0,
      "16": 49.0,
      "66": 50.0,
      "67": 53.0,
      "58": 54.0,
      "2": 56.0,
      "54": 58.0,
      "63": 60.0,
      "31": 61.0,
      "29": 66.0,
      "68": 69.0,
      "10": 73.0,
      "48": 77.0,
      "38": 78.0,
      "18": 81.0,
      "55": 82.0,
      "51": 83.0,
      "73": 90.0,
      "15": 91.0,
      "62": 101.0,
      "32": 107.0,
      "57": 112.0,
      "20": 117.0,
      "23": 118.0,
      "28": 125.0,
      "33": 126.0,
      "53": 127.0,
      "3": 129.0,
      "61": 132.0,
      "7": 137.0,
      "34": 141.0,
      "14": 150.0,
      "49": 156.0,
      "52": 158.0,
      "41": 164.0,
      "22": 165.0,
      "13": 166.0,
      "44": 168.0,
      "37": 177.0,
      "65": 181.0,
      "12": 184.0,
      "17": 188.0,
      "70": 192.0,
      "74": 194.0,
      "75": 204.0,
      "39": 205.0,
      "72": 217.0,
      "71": 218.0,
      "25": 219.0,
      "21": 221.0,
      "5": 229.0,
      "76": 231.0,
      "42": 273.0,
      "35": 282.0,
      "59": 324.0,
      "30": 475.0,
      "24": 736.0,
      "11": 2837.0
    },
    "general": {
      "n_queries": [
        6401
      ],
      "n_states": 1,
      "n_papers": 6402,
      "n_included": 76,
      "n_excluded": 6326,
      "n_unlabeled": 0
    }
  }
}